cohort_id,concept_set_id,concept_set_name,concept_id,concept_name,concept_code,source_vocabulary_id,source_concept_id,source_concept_name,concept_subjects,database_id
14163,0,[GRAO] Acute Pericarditis,315293,Acute idiopathic pericarditis,420.91,ICD9CM,44830082,Acute idiopathic pericarditis,13288,SES
14163,0,[GRAO] Acute Pericarditis,315293,Acute idiopathic pericarditis,I30.0,ICD10CM,35207715,Acute nonspecific idiopathic pericarditis,5249,SES
14163,0,[GRAO] Acute Pericarditis,320116,Acute pericarditis,I30,ICD10CM,1569153,Acute pericarditis,6,SES
14163,0,[GRAO] Acute Pericarditis,320116,Acute pericarditis,420,ICD9CM,44831242,Acute pericarditis,784,SES
14163,0,[GRAO] Acute Pericarditis,320116,Acute pericarditis,420.0,ICD9CM,44837102,Acute pericarditis in diseases classified elsewhere,6900,SES
14163,0,[GRAO] Acute Pericarditis,320116,Acute pericarditis,I30.9,ICD10CM,35207718,"Acute pericarditis, unspecified",13129,SES
14163,0,[GRAO] Acute Pericarditis,320116,Acute pericarditis,420.90,ICD9CM,44835933,"Acute pericarditis, unspecified",34051,SES
14163,0,[GRAO] Acute Pericarditis,320116,Acute pericarditis,420.99,ICD9CM,44835934,Other acute pericarditis,5227,SES
14163,0,[GRAO] Acute Pericarditis,320116,Acute pericarditis,420.9,ICD9CM,44824240,Other and unspecified acute pericarditis,399,SES
14163,0,[GRAO] Acute Pericarditis,320116,Acute pericarditis,I30.8,ICD10CM,35207717,Other forms of acute pericarditis,1816,SES
14163,0,[GRAO] Acute Pericarditis,321586,Acute rheumatic pericarditis,I01.0,ICD10CM,35207636,Acute rheumatic pericarditis,461,SES
14163,0,[GRAO] Acute Pericarditis,321586,Acute rheumatic pericarditis,391.0,ICD9CM,44837094,Acute rheumatic pericarditis,1126,SES
14255,0,Constrictive Pericarditis,312334,Constrictive pericarditis,423.2,ICD9CM,44826638,Constrictive pericarditis,3593,SES
