min_value,max_value,average_value,standard_deviation,median_value,p_10_value,p_25_value,p_75_value,p_90_value,time_metric,cohort_id,database_id
0,6980,1088.1351487282654,1150.4612970547944,689,88,263,1517,2688,observation time (days) prior to index,14163,SES
0,6978,904.6263831010202,990.3253049528726,558,65,204,1253,2251,observation time (days) after index,14163,SES
1,1,1,0,1,1,1,1,1,time (days) between cohort start and end,14163,SES
0,5594,1061.0481491789592,1037.4939488739199,748,95,278,1480,2520,observation time (days) prior to index,14255,SES
0,6751,992.0072362927915,1041.5534365523451,619,67,208,1475,2417,observation time (days) after index,14255,SES
1,1,1,0,1,1,1,1,1,time (days) between cohort start and end,14255,SES
